score,mean,median,count
1,153.2828804347826,103.0,3680
2,177.25834797891036,134.0,569
3,172.4096,126.0,625
4,143.65252525252527,93.0,990
5,83.15447154471545,45.0,4305
