has_dev_reply,mean,count
False,3.2207087613990533,8663
True,2.8399734395750333,1506
